<!-- Copyright (C) 2018 Google Inc. All Rights Reserved.

FirebaseApp iOS and Android Dependencies.
-->

<dependencies>
  <iosPods>
    <iosPod name="Firebase/Core" version="6.32.2" minTargetSdk="8.0">
    </iosPod>
  </iosPods>
  <androidPackages>
    <androidPackage spec="com.google.firebase:firebase-common:19.3.1">
    </androidPackage>
    <androidPackage spec="com.google.firebase:firebase-analytics:17.5.0">
    </androidPackage>
    <androidPackage spec="com.google.android.gms:play-services-base:17.4.0">
    </androidPackage>
    <androidPackage spec="com.google.firebase:firebase-app-unity:6.16.1">
      <repositories>
        <repository>Assets/Firebase/m2repository</repository>
      </repositories>
    </androidPackage>
  </androidPackages>
</dependencies>

