<!-- Copyright (C) 2018 Google Inc. All Rights Reserved.

FirebaseAuth iOS and Android Dependencies.
-->

<dependencies>
  <iosPods>
    <iosPod name="Firebase/Auth" version="6.32.2" minTargetSdk="8.0">
    </iosPod>
  </iosPods>
  <androidPackages>
    <androidPackage spec="com.google.firebase:firebase-auth:19.3.2">
    </androidPackage>
    <androidPackage spec="com.google.firebase:firebase-analytics:17.5.0">
    </androidPackage>
    <androidPackage spec="com.google.firebase:firebase-auth-unity:6.16.1">
      <repositories>
        <repository>Assets/Firebase/m2repository</repository>
      </repositories>
    </androidPackage>
  </androidPackages>
</dependencies>

