<!-- Copyright (C) 2018 Google Inc. All Rights Reserved.

FirebaseDatabase iOS and Android Dependencies.
-->

<dependencies>
  <iosPods>
    <iosPod name="Firebase/Database" version="6.32.2" minTargetSdk="8.0">
    </iosPod>
  </iosPods>
  <androidPackages>
    <androidPackage spec="com.google.firebase:firebase-database:19.4.0">
    </androidPackage>
    <androidPackage spec="com.google.firebase:firebase-analytics:17.5.0">
    </androidPackage>
    <androidPackage spec="com.google.firebase:firebase-database-unity:6.16.1">
      <repositories>
        <repository>Assets/Firebase/m2repository</repository>
      </repositories>
    </androidPackage>
  </androidPackages>
</dependencies>

